accounts.google.com,1
auth.tesla.com,1
bamboozled.net,1
bemagenta.com,1
canva-staging.com,1
cloudsso.cisco.com,1
cloudsso.cisco.com:444,1
dell.gosavo.com,1
edulab.emc.com,1
email.dell.com,1
express.vivatracker.com,1
facebook.com,1
hitmobile.vivatracker.com,1
id.atlassian.com,1
id.cisco.com,1
kci.vivatracker.com,1
login.microsoftonline.com,1
mail.cisco.com,1
netflix.com,1
newtmobile.agilecraft.com,1
obile.com,1
paypal.com,1
pcgwireless.vivatracker.com,1
pf.us.dell.com,1
ptnetacad.net,1
roblox.com,1
sforce.com,1
sprintrewardsme.com,1
sso.dell.com,1
sso.tesla.com,1
starlink.ispsimple.com,1
sts.t-mobile.com,1
sts2.t-mobile.com,1
sts3.t-mobile.com,1
sts3fba.t-mobile.com,1
sts4.t-mobile.com,1
sts7.t-mobile.com,1
sts8.t-mobile.com,1
t-mobile.csod.com,1
t-mobilegear.com,1
talkmobile.vivatracker.com,1
thesamsunginsider.com,1
tmobilebranded.sunriseidcart.com,1
twitter.com,1
www.facebook.com,1
www.magentauniforms.com,1
www.perksatwork.com,1
x.com,1
